decision_id,policy,reference_id,weight,budget
day_1,policy_a,known_positive,1,2
day_1,policy_a,known_negative,0,2
day_1,policy_a,shared_ambiguous,0.5,2
day_1,policy_a,no_followup_day_1,0.5,2
day_1,policy_b,known_positive,0,2
day_1,policy_b,known_negative,1,2
day_1,policy_b,shared_ambiguous,0.75,2
day_1,policy_b,no_followup_day_1,0.25,2
day_2,policy_a,known_positive,0,2
day_2,policy_a,known_negative,1,2
day_2,policy_a,shared_ambiguous,0.75,2
day_2,policy_a,no_followup_day_2,0.25,2
day_2,policy_b,known_positive,1,2
day_2,policy_b,known_negative,0,2
day_2,policy_b,shared_ambiguous,0.5,2
day_2,policy_b,no_followup_day_2,0.5,2
day_3,policy_a,known_positive,0.75,2
day_3,policy_a,known_negative,0.25,2
day_3,policy_a,shared_ambiguous,0.75,2
day_3,policy_a,no_followup_day_3,0.25,2
day_3,policy_b,known_positive,0.25,2
day_3,policy_b,known_negative,0.75,2
day_3,policy_b,shared_ambiguous,0.25,2
day_3,policy_b,no_followup_day_3,0.75,2
